{"player_money":100,"position_x":1148.49719238281,"position_y":872.007568359375}
